key,name,lat,lng
agualongo,Agualongo,1.202142,-77.287649
albergue del sol,Albergue del Sol,1.193974,-77.26226
altamira,Altamira,1.199196,-77.296115
altos de chapalito,Altos de Chapalito I,1.185689,-77.272982
altos de la colina,Altos de la Colina,1.226307,-77.294623
altos de las mercedes,Altos de Las Mercedes,1.198909,-77.294878
altos de lorenzo,Altos de Lorenzo,1.19525,-77.262037
altos del campo,Altos del Campo,1.196244,-77.262005
anganoy,Anganoy,1.214389,-77.299521
aquine,Aquine IV,1.215064,-77.271569
aquine alto,Aquine Alto I,1.215659,-77.270208
aranda,Aranda 3 Etapa,1.225725,-77.266958
arnulfo guerrero,Arnulfo Guerrero,1.200806,-77.251985
atahualpa,Atahualpa,1.205418,-77.281766
bachue,Bachué,1.204341,-77.285278
balcones de pubenza,Balcones de Pubenza,1.219665,-77.289947
belalcazar,Belalcázar,1.216781,-77.271652
belen,Belén,1.191334,-77.267674
belisario betancur,Belisario Betancur,1.203161,-77.252185
bellavista,Bellavista,1.222045,-77.273095
bernal,Bernal,1.201312,-77.266368
betania,Betania,1.199238,-77.261468
boyaca,Boyacá,1.208758,-77.282555
caicedo alto,Caicedo Alto,1.201486,-77.284166
caicedo bajo,Caicedo Bajo,1.199694,-77.284344
caicedonia,Caicedonia,1.20422,-77.252961
calatrava,Calatrava,1.226419,-77.290928
calvario,Calvario,1.217486,-77.271304
cantarana,Cantarana,1.197421,-77.267611
capusigra,Capusigra,1.208217,-77.287919
caracha,Caracha,1.208507,-77.285605
carlos pizarro,Carlos Pizarro,1.216423,-77.264401
casa bella,Casa Bella I,1.206162,-77.284195
casaloma,Casaloma,1.205215,-77.263552
cementerio,Cementerio,1.221728,-77.274206
chambu,Chambú,1.189332,-77.27461
chapal,Chapal,1.194692,-77.279112
chile,Chile,1.202679,-77.269051
ciudad jardin,Ciudad Jardin,1.199719,-77.280673
ciudadela invipaz,Ciudadela Invipaz,1.192126,-77.285873
colon,Colón,1.213772,-77.296102
condominio achalay,Condominio Achalay,1.212718,-77.290569
condominio alameda del rio,Condominio Alameda del Río,1.214708,-77.273597
condominio alto bello,Condominio Alto Bello,1.197662,-77.293867
condominio altos de la colina,Condominio Altos de la Colina,1.224794,-77.295776
condominio aquine,Condominio Aquine I,1.214159,-77.272155
condominio bellavista,Condominio Bellavista,1.207329,-77.28279
condominio bosque de la colina,Condominio Bosque de la Colina II,1.224244,-77.299351
condominio castillos del norte,Condominio Castillos del Norte,1.210959,-77.290761
condominio ciudad real,Condominio Ciudad Real,1.218123,-77.272924
condominio el aljibe,Condominio El Aljibe,1.234079,-77.289356
condominio el remanso del norte,Condominio El Remanso del Norte,1.226166,-77.293091
condominio francisco de la villota,Condominio Francisco de la Villota,1.208349,-77.295182
condominio la alborada,Condominio La Alborada,1.21473,-77.261382
condominio la estancia,Condominio La Estancia,1.185608,-77.291489
condominio mijitayo alto,Condominio Mijitayo Alto,1.198387,-77.295102
condominio mirador de san juan,Condominio Mirador de San Juan,1.220343,-77.293569
condominio monterrey,Condominio Monterrey,1.219338,-77.267706
condominio morasurco,Condominio Morasurco,1.236476,-77.28577
condominio pinar del rio,Condominio Pinar del Río,1.202281,-77.248617
condominio residencial los eliseos,Condominio Residencial Los Elíseos,1.199894,-77.267231
condominio san diego,Condominio San Diego,1.213806,-77.294103
condominio santa elena,Condominio Santa Elena,1.202501,-77.289737
condominio santa maria de fatima,Condominio Santa María de Fátima,1.204058,-77.272474
condominio terranova,Condominio Terranova,1.23054,-77.288383
condominio torres de mariluz,Condominio Torres de Mariluz,1.221115,-77.294214
condominio valle de atriz,Condominio Valle de Atriz,1.229209,-77.28634
corazon de jesus,Corazón de Jesús,1.22202,-77.268962
doce de octubre 1a,Doce de Octubre 1a etapa,1.19264,-77.269369
doce de octubre 2a,Doce de Octubre 2a etapa,1.190335,-77.267647
dorado,Dorado,1.224834,-77.287258
el aire libre,El Aire Libre,1.205525,-77.277884
el bosque,El Bosque,1.208739,-77.293886
el churo,El Churo,1.211362,-77.275242
el cilinidro,El Cilinidro,1.213701,-77.274051
el comun,El Común,1.213979,-77.268702
el eden,El Edén,1.207918,-77.292731
el ejido,El Ejido,1.205109,-77.265309
el futuro,El Futuro,1.231732,-77.269189
el manantial,El Manantial,1.217501,-77.263103
el olivo,El Olivo,1.206712,-77.270105
el paraiso,El Paraíso,1.218175,-77.262973
el pilar,El Pilar,1.194827,-77.276177
el porvenir,El Porvenir,1.190622,-77.263531
el prado,El Prado,1.208934,-77.274204
el progreso,El Progreso,1.197929,-77.273556
el recuerdo,El Recuerdo,1.203496,-77.270644
el remanso,El Remanso,1.192123,-77.278438
el rincon de pasto,El Rincón de Pasto,1.233227,-77.267837
el rosario,El Rosario,1.189421,-77.262738
el tejar,El Tejar,1.200472,-77.263611
el triunfo,El Triunfo,1.191389,-77.264137
emilio botero,Emilio Botero,1.196577,-77.268265
ezequiel moreno,Ezequiel Moreno,1.219717,-77.266263
fatima,Fátima,1.202985,-77.273352
figueroa,Figueroa,1.228337,-77.293355
fray ezequiel a,Fray Ezequiel A,1.182433,-77.278029
fray ezequiel bajo,Fray Ezequiel Bajo,1.1831,-77.276844
gilberto pabon,Gilberto Pabón,1.193204,-77.286195
granada,Granada,1.196817,-77.282614
gualcala,Gualcalá,1.210045,-77.260521
gualcaloma,Gualcaloma IV etapa,1.216412,-77.296287
hullaguanga,Hullaguanga,1.217184,-77.275561
jardin de la carolina,Jardín de la Carolina,1.213426,-77.259309
javeriano,Javeriano,1.20687,-77.273104
jerusalen,Jerusalén,1.202742,-77.296273
jorge giraldo,Jorge Giraldo,1.217775,-77.293855
juan pablo,Juan Pablo II,1.231147,-77.273482
juan xxiii,Juan XXIII,1.232654,-77.290642
juanoy bajo,Juanoy Bajo,1.233164,-77.289422
la alameda,La Alameda,1.215108,-77.269379
la alhambra,La Alhambra,1.205267,-77.274187
la aurora,La Aurora,1.214821,-77.288886
la carolina,La Carolina,1.209674,-77.26185
la castellana,La Castellana,1.218059,-77.290752
la colina,La Colina,1.225772,-77.288941
la esmeralda,La Esmeralda,1.203708,-77.265398
la esperanza,La Esperanza,1.223357,-77.270682
la estrella,La Estrella,1.205443,-77.251568
la floresta,La Floresta,1.226931,-77.267938
la josefina,La Josefina,1.215317,-77.265219
la libertad,La Libertad,1.223398,-77.272743
la lomita,La Lomita,1.217341,-77.270038
la panaderia,La Panadería,1.212429,-77.274783
la paz,La Paz,1.197267,-77.261165
la primavera,La Primavera,1.209893,-77.292939
la riviera,La Riviera,1.224234,-77.280482
la rosa,La Rosa,1.192319,-77.27533
la vega,La Vega,1.195893,-77.27773
las acacias,Las Acacias,1.214072,-77.287707
las americas,Las Américas,1.207715,-77.280745
las brisas,Las Brisas,1.204078,-77.251097
las cruces,Las Cruces,1.198017,-77.291511
las cuadras,Las Cuadras,1.218661,-77.279335
las lunas,Las Lunas I Etapa,1.199312,-77.275179
las margaritas,Las Margaritas,1.221585,-77.288572
las mercedes,Las Mercedes,1.201666,-77.26395
las orquideas,Las Orquídeas,1.218742,-77.262249
las palmas,Las Palmas,1.196911,-77.2928
las violetas,Las Violetas I,1.202141,-77.276765
laureano gomez,Laureano Gómez,1.198405,-77.26661
loma del carmen marquetalia,Loma del Carmen (Marquetalia),1.22223,-77.273796
lorenzo,Lorenzo,1.197469,-77.265105
los alamos,Los Álamos,1.207694,-77.28426
los alcazares,Los Alcázares,1.217541,-77.269274
los balcones,Los Balcones,1.205276,-77.28447
los cristales,Los Cristales,1.180962,-77.276161
los fundadores,Los Fundadores,1.195695,-77.282645
los guaduales,Los Guaduales,1.195292,-77.286742
los laureles,Los Laureles,1.226671,-77.296282
los robles,Los Robles,1.182745,-77.278157
los sauces,Los Sauces,1.207896,-77.261157
los sauces norte,Los Sauces Norte,1.233945,-77.287558
luis carlos galan,Luis Carlos Galán,1.193323,-77.285139
madrigal,Madrigal,1.198871,-77.267866
marcos de la rosa,Marcos de la Rosa,1.218095,-77.2779
maria isabel,María Isabel,1.197128,-77.279753
maria paz,María Paz 2,1.216093,-77.266499
maridiaz,Maridíaz,1.221083,-77.283603
mariluz,Mariluz I,1.219222,-77.292786
medardo bucheli,Medardo Bucheli,1.206162,-77.279574
mercedario,Mercedario,1.204329,-77.261818
mijitayo,Mijitayo,1.203923,-77.289729
mijitayo alto,Mijitayo Alto,1.204829,-77.296374
mijitayo bajo,Mijitayo Bajo,1.206211,-77.293561
mirador de niza,Mirador de Niza,1.201692,-77.282434
miraflores,Miraflores I,1.193564,-77.265626
morasurco,Morasurco,1.233341,-77.284697
navarrete,Navarrete,1.207654,-77.273658
niza,Niza I,1.200932,-77.281615
nueva aranda,Nueva Aranda,1.228813,-77.270221
nueva colombia,Nueva Colombia,1.198907,-77.282767
nuevo amanecer,Nuevo Amanecer,1.240553,-77.285961
nuevo horizonte,Nuevo Horizonte,1.231831,-77.267817
nuevo sol,Nuevo Sol,1.230996,-77.271707
obrero,Obrero,1.210592,-77.286912
palermo,Palermo,1.225907,-77.283851
panamericano,Panamericano,1.218598,-77.291384
pandiaco,Pandiaco,1.22984,-77.288613
panoramico,Panorámico 2,1.215204,-77.295499
parana,Paraná,1.222514,-77.285034
pinar del rio,Pinar del Río,1.202093,-77.248495
pinasaco,Pinasaco,1.244211,-77.296897
pinos del norte,Pinos del Norte,1.231443,-77.286729
popular,Popular,1.200233,-77.248135
portal del norte,Portal del Norte,1.234449,-77.265517
prados de niza,Prados de Niza,1.201578,-77.281144
prados del norte,Prados del Norte,1.230144,-77.265518
prados del sur,Prados del Sur,1.196145,-77.27982
praga,Praga,1.196301,-77.26286
primero de mayo,Primero de Mayo,1.235573,-77.269223
pucalpa,Pucalpa I,1.206613,-77.261835
quillacinga,Quillacinga,1.195447,-77.286134
quillotocto,Quillotocto,1.235101,-77.271195
quintas de san pedro,Quintas de San Pedro,1.227822,-77.294619
quito lopez,Quito López I,1.197026,-77.285034
rincon colonial,Rincón Colonial,1.199679,-77.264885
rincon de aranda,Rincón de Aranda,1.230657,-77.265106
rosal de oriente,Rosal de Oriente,1.19968,-77.246909
rosales,Rosales I,1.211793,-77.299443
salomon,Salomón,1.201559,-77.271581
san albano,San Albano,1.225777,-77.271592
san andresito,San Andresito,1.209728,-77.280635
san antonio de aranda,San Antonio de Aranda,1.236107,-77.266781
san antonio de juanoy,San Antonio de Juanoy,1.235556,-77.288978
san carlos,San Carlos,1.193678,-77.283846
san diego norte,San Diego Norte,1.217551,-77.266845
san german,San Germán,1.189595,-77.264402
san ignacio,San Ignacio,1.216768,-77.285638
san jose,San José,1.211602,-77.273499
san juan de dios,San Juan De Dios,1.221612,-77.290341
san juan de los pastos,San Juan de Los Pastos,1.19808,-77.262088
san martin,San Martín,1.195201,-77.274275
san miguel,San Miguel,1.203703,-77.280406
san miguel de jongovito,San Miguel de Jongovito,1.203107,-77.29815
san sebastian,San Sebastián,1.196739,-77.284119
san vicente,San Vicente,1.215919,-77.292139
santa ana,Santa Ana,1.22322,-77.28707
santa anita,Santa Anita,1.192525,-77.284404
santa barbara,Santa Bárbara,1.202161,-77.260037
santa clara,Santa Clara,1.195403,-77.271671
santa isabel,Santa Isabel,1.205614,-77.292273
santa maria di fiore,Santa María Di Fiore,1.224944,-77.301279
santa matilde,Santa Matilde,1.224625,-77.266792
santa monica,Santa Mónica,1.203857,-77.256069
santa monica condominio,Santa Mónica Condominio,1.205226,-77.254724
santafe,Santafé,1.198045,-77.260312
santiago,Santiago,1.210761,-77.284082
sendoya,Sendoya,1.202068,-77.267902
simon bolivar,Simón Bolívar,1.2184,-77.266308
sindagua,Sindagua,1.220365,-77.263268
sindamanoy,Sindamanoy,1.216906,-77.294413
sol de oriente,Sol de Oriente,1.236878,-77.270949
sumatambo,Sumatambo,1.204292,-77.287762
tamasagra,Tamasagra I,1.202518,-77.292215
tequendama,Tequendama,1.198817,-77.283808
terrazas de briceno,Terrazas de Briceño,1.241631,-77.306245
terrazas de chapal,Terrazas de Chapal,1.193513,-77.280933
terrazas de pinasaco,Terrazas de Pinasaco,1.246789,-77.299585
torres de amankay,Torres de Amankay,1.219118,-77.265426
torres de aquine,Torres de Aquine,1.215293,-77.26992
torres de iguazu,Torres de Iguazú,1.218481,-77.264842
torres de pubenza,Torres de Pubenza,1.219005,-77.289414
torres de san luis,Torres de San Luis,1.228499,-77.266328
torres del cielo,Torres del Cielo I,1.217012,-77.268149
unidad residencial mijitayo,Unidad Residencial Mijitayo,1.200308,-77.29643
unidad residencial miravalle,Unidad Residencial Miravalle,1.226834,-77.291739
universitario,Universitario,1.229745,-77.291979
venecia,Venecia,1.200958,-77.270172
versalles,Versalles,1.223987,-77.281647
villa adriana maria,Villa Adriana María,1.205665,-77.262304
villa alejandria,Villa Alejandría,1.201467,-77.25338
villa angela,Villa Ángela,1.214661,-77.267444
villa colombia,Villa Colombia,1.220187,-77.265475
villa de los rios,Villa de los Ríos,1.201472,-77.298067
villa del sol,Villa del Sol,1.192992,-77.261655
villa guerrero,Villa Guerrero,1.232668,-77.268662
villa helena,Villa Helena,1.214466,-77.269887
villa las lajas,Villa Las Lajas,1.200665,-77.253628
villa lucciana,Villa Lucciana,1.205938,-77.261385
villa lucia,Villa Lucía,1.206907,-77.283725
villa nueva,Villa Nueva,1.231372,-77.264902
villa olimpica,Villa Olímpica,1.192706,-77.263168
villa oriente,Villa Oriente,1.202584,-77.253461
villa recreo,Villa Recreo,1.211215,-77.263234
villa santa martha,Villa Santa Martha,1.193296,-77.286659
villa sofia,Villa Sofía,1.208405,-77.29199
villa vergel,Villa Vergel,1.212129,-77.293683
villa victoria,Villa Victoria,1.191822,-77.263164
villadocente,Villadocente,1.193523,-77.263035
villaflor,Villaflor I,1.202123,-77.2567
villas de san rafael,Villas de San Rafael,1.221373,-77.291871
villas del norte,Villas del Norte,1.230528,-77.268424
villas del rosario,Villas del Rosario,1.230128,-77.273684
villas del viento,Villas del Viento,1.215172,-77.262736
