date,barrio,lat,lng,category,severity,hour,source,url
2013-10-17,San José,1.211602,-77.273499,HURTO,3,,abc.com.py,https://news.google.com/rss/articles/CBMiyAFBVV95cUxOUHNJNlUyQWNsZGRLbUhWaHFhU0t4OTRKMVNYVDRYN2VOZzFMeC1sTGVwd0o1cHFSUkVnbXUxUXprZUVBMTVYTFg0RklmUnZodVpQT3l3N09YcDN4dXdDUUZRODZXdnh3djlFUjNnY1RrU2wwYVZBNVZzM2x0SHhweTY5TUYwSjQyd1RtOWxDZDVDV2JBaGhjcGw0OEFmY2dVY0pPMHdrQTBpbEFMeG5aZXBPdWZ4bjFhOEhqbFg5RlBQSGlCZG8ybA?oc=5
2021-08-21,San Ignacio,1.216768,-77.285638,ATRACO,4,,tubarco.news,https://news.google.com/rss/articles/CBMiswFBVV95cUxOcF9QX0RrNnNMS2w4X1dodVJLZkNnNXp4WFdPQWFLYVVHOHhQaEc3eGRESkRDcFlDLXNsT1JDZVNIQi1UTlFwWUs2ZmVENUNOUXR2c1FPc2VoVHdjV2I3Qkg5OGxNTW95VmZsZDQ0d3p1dVN0VWlhbmVyc3Nkb3R0bmtzZFowUHVFOV9Vc0xuZlkxMHBpMUtNVktXZEJmQmtkczZmd2I1WHJCZTNKWUVORjBKZw?oc=5
2021-09-16,El Común,1.213979,-77.268702,HURTO,3,,tubarco.news,https://news.google.com/rss/articles/CBMizgFBVV95cUxPSjlsVXUwbVVWMW1IZEVncHlxQmlKZ1d4NEZOUkFTeU45Uk9rT0ZwUmQzWUhLb2FrVHJhTVFJTjlWRGdCRXV4LUZ0RGstVWlPTWRVeTc2enc4NmxtdEk0YktlMUVybnRSRC1INmtmRVBDbkItR092N21HdWVndGFtSzVTdzdrR0pXNGYwUFB1bXM1OTR5REpqUjg5eC04WWdMc0tOYnBSdi0tU1AzakJtc1FyYjNjVGdoZHFmN0U3LW5oYzQzMHI3elZrY3JtUQ?oc=5
2022-08-17,Mariluz I,1.219222,-77.292786,HOMICIDIO,5,,Infobae,https://news.google.com/rss/articles/CBMixwFBVV95cUxQNkl5aUlBdG5jVWdVcUQ3Q2k1c0tjeWdVRF8xWnBIbGNjZmluMjhZWFVuZzB5VjF6aS04dUpNMFo4R3l0TXlHbTJrVGh2YUd4cncwZzdWSFJfdXpWUXhGS256cEJwNWtxd1dPNkllcmF1SEktbkFFUTBiZGNsblltLUpJcmtIaDFWSldxdUEtOWlOT1NsTlNnRDF5MjVoQVcxdnQxTVV3VTVhOE9vV2FpRFJVRDJ3TV9DSURNYmNGdW5Kb21EVkVF0gHiAUFVX3lxTFBNX0Uxc3MyTEpOcEJsU1NhOE83SU4yS0tNdzVFenhEY3Nhdmg1Zkw3WWZSQzNjdFRiSlFHeGVoY2ItbWNQeHBOY2dEdmdWWmZwRDZoZGhjc182OE9JZW5zZjdDclZiN283UF9HMlNLWWNzZDkwRUtkT0NZbnJFVTQ3VWdpaUhqT2s4cUZnWjJWaVNOTGVsRGU1LXVyZ2pqcC10T2h1SUp1WGRGcFZCNHFUdVVqbTJRZE9SaWZxMkk1R1JPc09kUXZhaGVlVUpJeW5UUTkyUFhUdDQ0SE9keHExRXc?oc=5
2022-10-13,Los Fundadores,1.195695,-77.282645,HOMICIDIO,5,,semana.com,https://news.google.com/rss/articles/CBMizwFBVV95cUxQVzNtajNkRE5kU05DS2F4LVBCT3E3bXViTjBvbnRoOGpEQ2ltUkljQXN4djdvN2Y2RGhDemc3T0gwTFdGSjFCQV9zV2NyT2Z0MzRubks2amI2WVZKWlVObFc4WnpNMnZkVHNRUlkzeHVOOW5Tb0lNOXI3aTZvUWJ1T3VMcGFlcmNubzROS3FpRjh6UW50ZHlUcG1MbWhtS1paeG1TSEE5S2F4MWU5OVFVUnF3ZTJ5N0tZcDR2UHpKaHNpTVBqNGt6aGRjV3NBRkk?oc=5
2023-02-22,El Prado,1.208934,-77.274204,HURTO,3,21,Infobae,https://news.google.com/rss/articles/CBMi2gFBVV95cUxQbVd0UXRGdE14aS1nN2RPSjhMdE1QLTZhWFp0ZDI1RmwxMzU5SzVjU0dCMXpaSTJUQjVRUlJsaEV6cGFPQ3otdXRfY1g1bURObWJuTzNER3dBMlN3ZDFKWFEweEJuaUJkY0pLOHRWVXRTTWVMb0lrYzdkQ0hFdUl1YnV0bEF3RUlUOWt5ejJHd0NMZUJSbERyOHNqS3pQYzFmU1dUYXo1d2JrbzExSXd6N1NzaEVBeWdoZnowbENCRFdUMWhuWGc2d3Z2amhUaGJ2TE1BWFQ4akU0QdIB9AFBVV95cUxQQkVUZnMwUE5ybHVDdXBtcFJ2M2NZZUFxUG5hVlNLcXRCekNWenpHc1JUZE9TanpZdDkyVFVpTENBUTZhS0VhUkpBekZ4OWNaS2h2TFBKRjRrUzhTNjhhcGV4Y05BWGdhVmhtWFdETTZpNHprWW84TENsXzI0bDRFMW1VMmxyLW9XMzk0dGlWTXBrQ0pOazc2cm93cGZvTDduWDhkMlljS3lyajc3WnQ1aFFma2NrUjExbGtVakdmTkttVUNWVjJtRzVYU2MxT2pDQ055a2lpLVRPQXdaOVltS19qX012LXlvSkhBMDJhTzlpakJa?oc=5
2023-03-25,Fátima,1.202985,-77.273352,LESIONES,4,9,elcontraste.co,https://news.google.com/rss/articles/CBMivwFBVV95cUxOY3d2QVF6bXBqcFBKRzJqUEZfaU5fdUVaRFZCbTZOSjBiTW5HNGlDd0pNVE9aWjM4TWJGRWZfVW1xUUppZjFMNzVqT3hvR04yWWY3ekpBSjFteHpGSFNnTGhOd0tHN011NFl0ZndwV0ZDNVpCZHFIQWZzOWtQTXhpMVV4RElnbTBjZFlPN1NWX3pzTi16UkVneXE3VE1JOXVPaUFSVi1adTJtYndrT05zSzJBc3ppdmtpS2NOSERnMA?oc=5
2023-04-16,El Rosario,1.189421,-77.262738,HOMICIDIO,5,21,elcontraste.co,https://news.google.com/rss/articles/CBMirAFBVV95cUxQazBtMmFpaW54NHNLNmhFVURONncybkYtZmVQMmszblAtczFEVmdpZVJhY3c0S0o3V1M2WnVYNHVMYkJTVy1SaTRDbmxJQ2xoMHM0ZFhXRmp6OVN4N2x2enplZEJlcnpWRW1aek9feXFfWXQ2aWY0VzBHeG1KRFplSnZ0S0N0UnJvd29xb2hHVzdFZjFaUlJ2V0lDYzVON21SdXlYMDZXWXZZaVVS?oc=5
2023-06-06,Obrero,1.210592,-77.286912,HURTO,3,12,elcontraste.co,https://news.google.com/rss/articles/CBMi2wFBVV95cUxOMUdlYS0zd0lDcWlLcXNxYnFVVkxnTnhySXBrVlNXcnN4Z1paM0w1VkZTY29DYWo2WGMyUzZ3TVoxX0FiQUh2VVZhYkU2ck1zbS1pSDczbnpYUk1DS01kSFhqenplc2xudFBUZ3pSTVFKbTZwbERmRGdWaDItVU9BTEFoYUNxUTdJS0ZoMzRkOWkzLVNZalJZN1NJcVhWR0RTdFNEQlFuX0twMXJaSkdHQ2s5UzdnRXQtekZrOExCOXd4d3dpTi1EMjQtZUUtRnlRYXotS1dtMGJpQWc?oc=5
2023-06-09,Maridíaz,1.221083,-77.283603,HOMICIDIO,5,3,elcontraste.co,https://news.google.com/rss/articles/CBMiywFBVV95cUxNcmN1Sll6bUxPMmZobHZOdWNWcUJNRTZSNXc0cllyVmY2WXNqR1JBRUY5MUNvR1ZsMjZXV2hUX1diel9zWlBmVmhBbGVKcXNuS2d5U0JQRWYwZGlmZkNrcGRrWjNIQmhhLTRRaTFNUERhZ1h3MFVLM0JyMndvRDEydWVYRUZTblhyLV9PZTVqeTVtSHhPSHRqbkJydjJmd3o3eEtvOGIzNDdUUDlxRTctVTJmbk1tU19kQzFOQ3dnSkZHZEN0TVV2aTU2WQ?oc=5
2023-06-28,San Diego Norte,1.217551,-77.266845,LESIONES,4,,elcontraste.co,https://news.google.com/rss/articles/CBMi4AFBVV95cUxPRGlKenZ5T1NCdW1pX0tWaGZOYTBSZmtMWWlNUFluUlFUdUJYNWxNZTkycjlyWUV1TUdJZWQ2eU5Ra1pab24zYTgwZWJHb3drWWVXR01SWF9kcVFhNVlxTl9OanVObncxNFRQOVpFQXpCbjBiRkRzNXVERlJZa08xWG9GVE9LaXpWNzB4ODBRWk9DMmR1Tml3RnNkNkhMUDRJWUxyWlpaT1lBMHM1eHNkZXNPeDdYZVBJMnd1THhFZ01ZRVFnTnFtMkJPcmFKN2ZPWHQ0NWhJaF9xU2t2MEd4NA?oc=5
2023-07-05,Versalles,1.223987,-77.281647,HOMICIDIO,5,21,elcontraste.co,https://news.google.com/rss/articles/CBMi4gFBVV95cUxNZ1VJN1lYV0s0QmJ3b1dURWdQR1BBcXgxUDFPb09ZYmx6clB4cWxJT284czhJdXRRcFNxeVRlTnhuNDU2bTJQRVhzY1huLWlRRGhmRmZ1RHJDenpqaHM4eVhNM1ZqRTllQ1pPblAzX0ZMbVZlWDZteXp4TzJ4VU5jdV8wOWZVS0J0ckVOZEU3UmJPbTBXcXNVNmFzdzN2dEZhNlpLV0dHZmw4Y2RLNkFCR1FTMXFBTE9TVjU2YkM0Ykk0S1gxVm9uelNRQmhlV0FLZ0N0RlJ4Wm9NNDBkVjU4a0Nn?oc=5
2023-07-29,Obrero,1.210592,-77.286912,HOMICIDIO,5,3,semana.com,https://news.google.com/rss/articles/CBMiuwFBVV95cUxOdjZfM21aQVBkdVFfVXBDd3l4aFV6em5nNmZTallxMXJqSWF1MHpiRUkwb1YxNEV2NnYxWlNHRFMycTFVbHN1dmZmZXBfaW55OVFwZlJWaldwZnZaWEkzYmRNdDdoaWJkb1FsWkZUWHFOb2VFZ2xwdzZnTlhMWnhFVTkyOWp5MGNuWlgzdUhUal84VndiLTZjMW5qekhyOXBrSThYQU1jVXUzdHd4SzA5RngzRC1WLTR2LVE4?oc=5
2023-08-25,Torres de San Luis,1.228499,-77.266328,HOMICIDIO,5,,elcontraste.co,https://news.google.com/rss/articles/CBMikwFBVV95cUxPdlpJS3VTZ3RyWmllYmxfVnRUOTVVQTJ4aml0dTc5Nm12WS1zZnhGRUMwXzVKZVpBenI4dDFUNlNxZXJQaWhzbUdObTdra1V4T3dZY0hrRUkxdGZqdnFkTUZ6QWg5ZVRsR2UwZE5CTjdwMWJMbEpjTE9BYVo1NE5WVlZCTEx3UWpjY05mSTlHbnBIUlE?oc=5
2023-08-29,El Porvenir,1.190622,-77.263531,HOMICIDIO,5,16,semana.com,https://news.google.com/rss/articles/CBMi5wFBVV95cUxQSEJRSjRvWmFPY2I0WE4tVlczR1Fmc2JHUEk1ZFNEUzZwQXRYVzVma1NyZ2xXTlU5UlI0dERMTDZnNmF0LUJIdHdKeEc1MS1lcWEzLXAyMk4zNDVoR3MzSnc4RTlGMEd2MnctN0pIc2FHdW0yS2lZN2JPa2ZOWXZuNGgwcnFUTGtPaXdFT2ZLZW5iWmJ5MUNma2VKa09Nd1ZwdnRjZDU3NzRSU0NkNEN1V0xKd2h0UjNwQ0w3VjNJT2U2dmRUd182ZF92RjRLdmlKWkdhT004bHI3MFJrNVNYbmFDTFVXX0E?oc=5
2023-09-25,Centro,1.2136,-77.2811,LESIONES,4,,elcontraste.co,https://news.google.com/rss/articles/CBMi4AFBVV95cUxNZ3Z3Q0NpcjUzQmI5eHd4TFRtN3pkS2kxTFN5Q2p6M3BxM0xLcW9uamI1Mm9IUERzV09UZE1fUFFuQmwtZUhwdlBkUERaRW1OUzVQa2lJX2R0SjVkWGE5UDNYb0w2bFpPT0NicGhTWnN3Z2x2U2VUQnNvZ0JTYTdnaElOWmx6Z0dWTVR5ZlZfaFQ5RWZYM2NWVXNRNkZpeVZyVGJTdWtLQnlCbU9KYkl5Rl9sNnJxbzV4eGxlMENUa19jU3c1UWlLaFpJeHZoNkNfZFVGLWZUWHJBUG96eDdDYQ?oc=5
2023-10-17,Obrero,1.210592,-77.286912,HOMICIDIO,5,,Infobae,https://news.google.com/rss/articles/CBMi7AFBVV95cUxQVGpRRHZLbnU0bERYdUE1VE5iRUo3NDNkeTlfaDZZMnBMZHR1QUwtNDNfclJfRHdxNzFhVGluak5oc050MUVtVmV5QVBqZ252bzRiUnJjRVZFQXFiX2s2QkNJd2hmM1VGeGFmbnRpMXB6MWNrQklPYjBoQ1Y1ZXFFbHhKdjZaODY0SDZiUjRDeHk4Z1JpWEVpTmQ4Mm51dUVJblBTSFI3NFItdmJWTExEYWVLWkZIQmp4WW5kcUdKTlFOZGxjcE4zMVhPcWE2YXZKMnYzel9CQk1OM01uUjAtckdjaVVUY3BoU3JIa9IBhwJBVV95cUxQSFlxbGpuekdMR2pFWUVyaENvLVh6eHdsODA5emZEcVRjTmVUYXZoVnU0X3N0Yk9zTkZvNWROb0FWdDZtUmNfamlCeGtaWnYwcjFCWWNyTkdET0duSWVEYUlLYmQtdktlazIxOXFnMFVaNzYyT2ZTbjIzbEJaMGZUc1NfaHhkV3NqejNvNEJRLVYxYnNIQ1N1OVY0X0I0ZlFGRWJYalFCY0pQN0RQQVhHdmQydHg2WmpaUHZRZlNOb3dhU3hOb25ZT3NpSl94a0tobm9rTjFLZm1SaDVtOXBEcVlIa2RLWHhvQ1JZS0lNNE5OQ0IxQU5hS25yZXNydFBlaXBtOGpnTQ?oc=5
2024-04-13,Obrero,1.210592,-77.286912,HOMICIDIO,5,,Noticias RCN,https://news.google.com/rss/articles/CBMiugFBVV95cUxPeUVhaGpqV0hLUm9MazdVZnljSkxvN2pnQTlfUll2cURGOGg3RnotY2psXzJyV2Y2LXpPT0pYMG9fUUxGY29NY0JjRkstU2IwS2tuM1ktcm1oZmpzeG1udWZkS2UxR3lkTWRyaHNaRlhCUjNrbzRQZjQxR3ZhN19SdTF5Mll0Y1hjX2htX3hpNURCY0o1ZUtwUHlCenJLaWZpZUpzd0JMcVRRM2k4OWNjSG5pclpwSExfWXfSAboBQVVfeXFMUEFSem4yakg4OHY5TkdmemY1V1ZqaU03M1ZOQ0ZyNWZiRTFCcWgyeHFseTFMVVYzQmxjT3ZOUXN4ZWNXRnQ2ZXM2YXdseUVlZjU1cWlaNXhnMUI1d0UyTVA2RTI2eGg4NVlVQWN3NFVHeVFoQTB0VUIweU9BbEZ2SVFKdFU5T2RfLTliTnU0cjFZM3Q0bUtrU2FmeUNxRFRkREZicWdmWHMwNHotTXVXTUV4S2NsSW96Y3J3?oc=5
2024-08-30,Calvario,1.217486,-77.271304,HOMICIDIO,5,,policia.gov.co,https://news.google.com/rss/articles/CBMitgFBVV95cUxPc0NDRDZ1SzAxYmR5V2MyeC1WN0trTXhqVGVpVUFWamhBVkJ0VjZid0lCZVU1c1JQTm1jRmNCQlBIaUNtVTcxczB0N005TmQ1cHFNRVVCQXdSaldwUXJZbG9WRmxzT2dZdjlMUDZyNXVzcDZPSlg3TzZyV1pvMXhqQi00MXRoQ0tUaFV5d2VzQ0NPaTR4blNJZHBGdExZQkdsb1BSa0VtN0REWTcydVNNVlg5WDdydw?oc=5
2024-11-05,El Pilar,1.194827,-77.276177,HURTO,3,,policia.gov.co,https://news.google.com/rss/articles/CBMivwFBVV95cUxOdEFKUGJsV3FKNW4zYzdFQ25aOTVqQmh1VFh5R050c05waWwtUTN2SEJ2RXltazYtX3ExUkl4TDVmejlKZW4zck56UDZfUEIzMzJHYnpoVHdZekh2QzFvYWdESGt6UkpVNTNWTHphNmFLQXJabloteWhlQUtzZnlsMFJLRHhfbHhXRnhlSWlpTk1fWnJkSXJ5ZUFxTHNwR1NRazhWTHdaSkVUOGpQS1hiVU4tUEhYRE5LaGVyY3JVVQ?oc=5
2024-12-16,Corazón de Jesús,1.22202,-77.268962,HURTO,3,,policia.gov.co,https://news.google.com/rss/articles/CBMiwAFBVV95cUxOTmZNUmpmb25iVnk5VDhvU2sza01aOHBuOWNHd0Nxa3RCai16ZWZnNDhXcXhFQ0F1SzJQMlppWEVBSWZmODM1bVp3NkJkRDhMNHJnRHREYWFiVDRBYmFhTEtGcHBjTWtuNkZwMTlFTVlqQkFKT1drQUlvN0piTmZtdC1tV1NMVjVlVjNramM4djQxbzZDLXpsdVJVV2p3ZVg4bzVIZFhITmxqemhqRXo1ME9UQWdHWFN1S2dfTklzdU4?oc=5
2025-01-24,Bachué,1.204341,-77.285278,HURTO,3,,policia.gov.co,https://news.google.com/rss/articles/CBMiggFBVV95cUxNeVhacGg5Y0ViZlBVY1BUZ1BaUzNaZXFRUUpwVFpIN0M3N0QyMVZMQ1BEWndaRXE4TTFhQW5JZTVrNkZoVUl5ZExqYWRLdVhBckNCR0lmaUtDUTF3QjlLMFo3NDBqc0FmNklEelF5UlBUcWlFOUtWOUktSmhPWW5VMV9n?oc=5
2025-01-25,El Pilar,1.194827,-77.276177,HURTO,3,,policia.gov.co,https://news.google.com/rss/articles/CBMirwFBVV95cUxOWEZqMGQ3UFBreGpwNXBYVGNFVklkRk5FenhWQzJZMHFMMjdOTnlROU5vaVd0UWxKNWstNl9LT2xjQ2c1bmZSZGtnUHEzMS12aTZfbVhCQ1FqamM2UzB2ZlhxWU12aXl3N1hycl9aYWlnRk9UdnhqaGdkYkMyR01Vbkl6dW9IdFAxY2k2TE5lREJzWUhacEQ4bmZ6RlFaX1lvd0hLWlBUZndURmx4VURN?oc=5
2025-03-07,Lorenzo,1.197469,-77.265105,HURTO,3,,policia.gov.co,https://news.google.com/rss/articles/CBMilwFBVV95cUxQRjNFd1RBeGRBbnlNNEJQR0o0ZXRYdXZ4NDRyc3MzT2R1Y1oybkFUdS1RTEVfNlphRjhqUG9NckdnRkd0dnlyMkdrc284NlhUMTc0M1d3c3VkSGxzRWJZcHRNMmdSdVZ4TmZLSjlGMnIxR1pVTXdxTjRRanFVTENnaWJTU20wSTA1d1FfZEk5MFRYNHJuQzA0?oc=5
2025-04-22,Chapal,1.194692,-77.279112,HOMICIDIO,5,,Caracol Radio,https://news.google.com/rss/articles/CBMilgFBVV95cUxONkpTdTN4cks1S29SdFNPSUc4d3E5YXVPR0dnQXEtaXZrWEp0UmVzMk9jWThzQmo5LU5ZdThoWmczNGxUWFJRaVdkQ3FIQWFnNDBUd25OWmVndVQ5OEZNQUoyUEdFN0g0WGRDSWYxOTJWT0EwbzRSeldZMUdWWXA2cFo5VXpPVXl3eF9rVW80Zi0xN0VVRkHSAaoBQVVfeXFMT3RuYk5QbFQyYVhscTZvUWFoRkUtZ0J3ekZ2b3ZZdzBOeDdCTnpyTFBCRFU5QmNZajEyRWVNaThJWjdmSVZrNnFlTGxnMC1IeXlmckdHbDBXVTkxQWNiSnlIZ3RmZUM2b2xSZnRWb1NsX3ljaVhuZXczVGFTTjg2WG5neWt0WkJ3OVJvek40Z1cwdnlyWlVVdWFFR043VkdRM2pfWjRBWDVvcGc?oc=5
2025-05-14,Niza I,1.200932,-77.281615,HOMICIDIO,5,,Caracol Radio,https://news.google.com/rss/articles/CBMirwFBVV95cUxQdG9SaUJHaWZ4T29UYkRyWG5zaHpfMFA5Tm5Qemp1WWJhZkpEeWZyNXlyM1JiQmZDMTlERmVYajNRQUxjbXVDUE9XOU94VUpjWlh1Q24yT0pKNnVyREJneFlaMmotOVRLTjZkUGE5bmx4cTBpQVVLcDFNRHphWi0tYVBJbnFtWmxGYTkwWHpVZXk2Y2FKQzVKYkNLUTMzejJ5aWNrZlNiMlI1eGhoZldz0gHDAUFVX3lxTE05aW9kRGhkeWM0MTM1eXljTFZycHU4SzdJRDhsREVZb3lkSWJsSk5XSGdFZ0JBd2pMYk93R2gwM1hZbFhZX2NnTjZWenpPdkdwWEw0c25Oel84cmsyYkV2cnY3S0JHd09Pd01DTW1uQTlxOFltNlV3UTRrdUJpUC1qWXU0NXVkT0NCOXdTcmFlbHNrWjlhYnF1SGNWMVdfd243WkpZVUh5VUlrLWcwUmRqQ09jc1RZUmZtZ0JoUjlTbFdfNA?oc=5
2025-05-30,Los Álamos,1.207694,-77.28426,HURTO,3,9,Rafaela Noticias,https://news.google.com/rss/articles/CBMiqwFBVV95cUxPUzdORlUxZURqNGZ5a05yeTRCX0wtTFlkSTl0bjA3RXlPb1c1dEx0Q09vNDZYWG15R0VqdUFYVGFBT2hZOFA5T3AwcXNZRDVGVGFsT3g4clJieF96b2Q1cThrNE9VNG15MGpobkVVRVdwZHJzVWJ5QklYRGNQQjg3bzM3dnRrS2VvXzh5ZmFsVHB1cUJJemVPZXozcFQ1NUkxY0M5cmR0V2NxQ0HSAaIBQVVfeXFMUDdzSm56R1pPRkJRcEtnRko5OFN0WVhkUHQwOC13ZHpiM2xlcWphLXZ2WF9idEhEVTAyX21HMUJuWWFha3QtN3RBSjlxQWxDeUczcW8tV1JCT0x3N3RKSk9IMndVYl9BX0VWQ0g5ZkFYbklfR2toSnZnVDJJdGF1dXZLNWtaM1BPV0RYMmxLRXRUdnFucmEtck1SRUNpVDE4M1Jn?oc=5
2025-07-01,Morasurco,1.233341,-77.284697,DROGAS,2,,policia.gov.co,https://news.google.com/rss/articles/CBMiekFVX3lxTE1LVUtEaXRZdXBHaVZfRW1QUl96N1dwcFZXRkh3R1lZYTNCSk5CdkpKNTJxektOT05CS3BsYjVOVFU0ZGVLNlJjWFBfa3BXZ0txLW1SWkxqV2dlTXBqenhkZjB4alhHQ0l1RmxGM0Ita3YzNGNuZkhvdTBn?oc=5
2025-07-24,Las Américas,1.207715,-77.280745,HURTO,3,,policia.gov.co,https://news.google.com/rss/articles/CBMitgFBVV95cUxPWGh0MFZmVk80SzIzMlRHbTAzSUJQZFJTYVJoeTh6VHoxMjRrX19CYWNDekVRWUN0c081Ym80TFNiRmZtRjVBNTdmSEFUdDUzYlBvWW00bi11UzBaSDNMWnE2NW51WnNCVUlhaDI4ajVUOVdXMXhzZ3ZRd1huNkYwVndyc2hFQ0xWRzJ6OE9DU2dBalR2MWg0VWV0ODZKdWIzWjgzSW1IQzBuSFlVTUdwQ1FxSXRMZw?oc=5
2025-08-18,Navarrete,1.207654,-77.273658,HURTO,3,,elcontraste.co,https://news.google.com/rss/articles/CBMiqwFBVV95cUxOOHZqTVdzMzFhVko4cFVtSlJOUEhTdnNxZFVlVi14dHgyNS1oU1k2UlZxaWRaMzFPR211ZVFTLWxodTQwQ2x3QUdLdV9pbXdNMnpxLUp2czI1UEU0aVpxdVo5T3NxdjBscEtJNzEyVXBtc1B0YXdhME1EQmlTNWU1LXpiVUNlalFSYlFDY2gzNlpZNDlQOU93aTVvdUllcURRSmxGVzZnSkxPaWs?oc=5
2025-08-19,Morasurco,1.233341,-77.284697,HURTO,3,,policia.gov.co,https://news.google.com/rss/articles/CBMiekFVX3lxTE1rQndvb0h4bVJGbVh5a3RFWDBOcEJTMk5jaDdGeDBtSnpSLWRxRDFnS3Myczlqc0pqOWEwS3EzQVkzQTdCa2tUT05QdjYtX0prelhUSWZIUXdZaF9IaDlrN1h2MF9VaTF0SFdBNm9vNlZKVU8wcmZGaTNR?oc=5
2025-09-02,El Pilar,1.194827,-77.276177,HOMICIDIO,5,,elcontraste.co,https://news.google.com/rss/articles/CBMirAFBVV95cUxQOWhSUURDN3g0TFNLSXNxYmtLQUhaMmNQLWdrTEtJdHRHeHQzOEwtc2NGMTFkYVByQlpzWnVTMXFmazRFUEZ6Vmg0cWZDNjZvNGs1SFpQOWVzcTBCdFl0V0pWV3dscHQyS0RZbWFZTS1SaVhITWlqVHZoaHFXWUplS05uZ2pTS2twcFhONlBJOHRQb0xGQmhJMHFXMEh4T3NQaWo5WDluWnYxRkJV?oc=5
2025-10-31,Cantarana,1.197421,-77.267611,HURTO,3,,policia.gov.co,https://news.google.com/rss/articles/CBMilAFBVV95cUxQRG56MHkzeUxub2IyX3BvM1lFRFd5bGFFLVAzYXBTZzJhcHVtRFFweklpOWlGSHNaMjgtekFNUm12SW0yRm5FLW5NU0pfa0I0QjllSklodzVoS3JqNlcwaWNwdVJFMFhGVjVtcTJpWTJCYjkzT21EMWNCSEFtQUEyZ1JOMVJweU9yREJYZGplU0E4UFdp?oc=5
2025-11-04,Palermo,1.225907,-77.283851,LESIONES,4,21,ELHERALDO.CO,https://news.google.com/rss/articles/CBMiggJBVV95cUxNazRsQWYyU1hrSW9WR2lBWlVnN0FURTd0UHVTSVNQVklWbGM3cXdyRE1pSHN6akhod2FOblFVWGh4bEFOYVBHcF9vMFFuYWYzTG5CcDB6YzhMWGVCazJsRmduTjV2czAyTGV3Q1ZVSllyMk5RMElnRll6YWpVUlMxQXRMemlkeXFoamtMUWRTd2dKMlNJYnFNWTVKQXoxblVJUXd2WXBiSHhhM2dnWDc5ak9mcW1PdlRjeFBaM2hCdjBhN3NzbjAyNlpvLXBtenExTUtyYmJLQ3d6bEdobGd6cHh4TS0zU3lEeXFUNEVQdXZPZ29KbzM3dGVpSDNYcmMzVGfSAZwCQVVfeXFMUGI0UUdIRW5aSmxQdFY2NXkwbFVFYUtzUDR4TFRaMVBMQ21ZMFBwOGpMc2FhWjdkNnhrbS1ZbHF2NW82ZFBaTWRLeHNkV05DSy0tRFJsa1plc3J3bmN0LUhEanc2QWJXN1hZaGt2RU9LSXV1WEtQQjJCbGxVTHNmdEI3LV9lbGdvNzVJdFFIYWZwSVBleVUxaFVVanJmTDhhYTBxd1F0MDZjMEt4TEdVZVc4WVR6T3QxNHhjSWNzSmptQlViNjd6SFRyUzRHbUxYa2pzdVVMUkM3Y2h2NTJQcjJXMHN2SjQ4aXdienJCUkdEMUR3RENDNFlYQk1ZMjNDbDROUDZ3clJlMWsxelRnTW5KNjFZdTh6NDVydEU?oc=5
2026-01-07,San Carlos,1.193678,-77.283846,HURTO,3,,lapostanoticias.com.ar,https://news.google.com/rss/articles/CBMi3gFBVV95cUxNNDRuQ19wRUl3dndmakx4N0tZZUwzUzRFYUlzRW9NRVVFNXdFakF6T3diWWdYYUZlcWpWZVZFSnpacFZqaWtXUktQQkNpMXF1aVhaZW5wLUV1UWpYNHA4dFpGbHdDbHNzTHoyWlp4NGNtMm4wVF9tazFEQ1NobEVjdEwtYWZvZWRoNUZCUV83NmRTTGFfSnoxVDJLR0s3V3h2cWlvRDZzbWpYSUZpZGFmX0xRcDVTZzBScExKdDRwVGhSNVJxTm1sejl0ZzBSR0JSelNfY3pXcXBJSEc3cGc?oc=5
2026-03-06,Las Lunas I Etapa,1.199312,-77.275179,HURTO,3,,elcontraste.co,https://news.google.com/rss/articles/CBMiwAFBVV95cUxQdU5mSTJwZmpyeFNRNnVGYWVDN3lSRzVHWWxKZEpjS1VBSDJHbU9FMjZMQm9QRUhDVTlrTjg3VEtlM2J4TVgzOGtVTFRDNkRrWXFqUTloWjlBNEtDLU5pWEpHZnozcmRpODdlQlRZenFnM09GZjY0czItdkVSZDNpSXFLcUpoLWdzYXh0SUhzX09tS3hpd3E4dUpZbW5iNUthdldsUTMtUl9PeVU4RzFNcllMX1dYNjlPeC14bDhlQzc?oc=5
2026-04-06,La Esperanza,1.223357,-77.270682,HURTO,3,,Radio Sudamericana,https://news.google.com/rss/articles/CBMixAFBVV95cUxNQzFPd2VZblVNSXZycV9XWjdaSlMzdzc3ZFlyYU9MMTBTbWxtLU1obXNBMDdZbkg1anZhQ01wVWtaWHA1bGhHUnptNFR2a3JXWHkxbGlKRmVjMmRFYWJKOWNHQlRhVk1OVHBzUHhyVHZhOHYwc2kwQ3VIcGczai1aQnJ1VHNselBYRG5NMmtaUUtTdlhwX3ViZkJvdFZpS0l0Y3lzdFZpUk9EOUNweEo3dFR1OTdXcHhTdTF3REFWbmdMekdV0gHHAUFVX3lxTE5mNWJtV2kxNW5EZXV0WmNYWUVNR0hhd0Z2S1c4c3VILS1hZkJWWjFvaWxUaG51RHkxbjlVRk5mUGUtZDJURFN4ZFFWRXBFS0xEWFVPbjJwY3ZMUmZhUUg4ZEk1azdaUTJiNDRvX2c5Sk80TWtnYy1mTm40YWJGbzJQZ3JJbUp3VndNS3RReTdhMEhHMjQ2MmdRRWJ3dEdDbWJ0N3B4T2ZfaWNtUVV0akRXaF9xWVlPLXRSazBCM1lSWU5BNzNjR2M?oc=5
2026-04-13,Las Cruces,1.198017,-77.291511,HURTO,3,21,elpais.com.co,https://news.google.com/rss/articles/CBMi3gFBVV95cUxNZDhfam0tb3l6RkpnVld3QTYtek1PSERhaVZyM281eHVyRnpXRUU4MzVmaU5UQXNqNmFtZU5GNjNxb3R5eTlRQ3BLR0Y2dFY0ak5nM0R6dTVtajdKelZxS2k2Yl9ocjNNeFNZUVhPSEZRbWdVRTdxbVNyaE9IcExiZjZiWXRhZG4zUUgwZ2VNaGhwckRmaVY4bU9YdU5BMU8zMmJCSHRDMUFoQW9NRXNJWjZvRUg3aGtqTUF5TGlsbF85UW53ZTRkZDJRc1V5QkRNT0JXYm5DcTV0VU5ubEHSAeMBQVVfeXFMTXVFMHFBaVo2Mk5YR05zR0xiWjlwaHJTUUhQOFRkVVUwTDZiY3oxSXhxMWlpZHpBZHN5UmpvNkJDOFJFX3lORklKMVpCMWpTcUM3QWtRYUtUTF9ybWFfVklZVEd4TDRyNHlEVWk3SGthRFFnZVFxTDhFNU5hMHJ3R2p6OHVlMTJpMTM1ZXdXWHhMS2ptQlEzV241TnJ2NEFfWF9XS2pkRGl3aEkxNVdvTk5scjNzYk0yQmhWc29nc0RIX1ZLcndneDJPdDNtMXlRdHpsX2JuNTdIQzM1SVdQaVVPaWc?oc=5
2026-05-04,Chambú,1.189332,-77.27461,HOMICIDIO,5,,Diario del Sur - Noticias de hoy,https://news.google.com/rss/articles/CBMihgFBVV95cUxPRTNpeHZ3bVEwR0o2ZDBvTHJTSzg0VnNYZkRqN1h3MkllQnFhdVJzYnBDd2lrTWFvX21aRjZHYjFncW9KaDlwRU1vb1VOTEFmSzVtSVV6V0ppaGVzSk5IeF95WXZaenFVQ1U2VDBNX2lHNFhpZWVvWDl6ajRoN1FwRlFja1Bwdw?oc=5
2026-05-06,Villa Alejandría,1.201467,-77.25338,HURTO,3,,elcontraste.co,https://news.google.com/rss/articles/CBMivAFBVV95cUxOY3NxdXU2WkZyNzFtS3NEZUwyZmplekVnb185N2RZR09waWxnaGJHRmlSM0M2VExpMjRFQmhveGVWVEtHMlhIaVZWV3QtQnphZE9ZbzAtZnk5Ry1WVVVzRFpNZ0pQT0JrT1pNT0JNUVNYQVJUMjZhUmJQU2RPWGY5MGVINmpleWM4RUhGU01XWlVFYjBfb0RHVzlnN0paV3gwUnVZQ1VpSm1kbGJnNWRpbF8xNkQ4b1J0ODRPYg?oc=5
2026-06-20,Emilio Botero,1.196577,-77.268265,DROGAS,2,9,abranoticias.com,https://news.google.com/rss/articles/CBMinAFBVV95cUxNcXBUZk0zeEVrWWRHRG9OeWlwNnBUU0o0VnVuTVRjMzlldTZrTDlHR3ZXQWpXOEU1Nl8zSW9lZlp3Z3lMUGJEaVA2czJqVThVanIxOExuYk1mdUtSRk1TbVRQNG5NcGZQeUlnN2hZTkhEOC13Ykl4akxyeWVleGxlZm1NR0l3cnIxSVlGYnVoUWJXd0trdW5sOHFKVVI?oc=5
2026-07-14,Las Palmas,1.196911,-77.2928,HURTO,3,,elcontraste.co,https://news.google.com/rss/articles/CBMihAFBVV95cUxNXzN1elUxMUpWYmFEVXU3R2RmYXRYOURVTG9qc1Z2S2Q2U01sN2hwMkcxY3RtWUROQkgxcXV3ZW5sdTFtT1dlSUE5WXJvcTlIRUhic2dpTms1V2NTYUFrdi11T2VvMDRUdGNBS1JfMWxUSnhJRDRsSDdseU85bkRPcUUzZG8?oc=5
2026-07-15,Las Lunas I Etapa,1.199312,-77.275179,HOMICIDIO,5,,elcontraste.co,https://news.google.com/rss/articles/CBMikAFBVV95cUxPU2JsaGpVWHJlcEJJWDZyT2cwRmNIUjFGNUx5cHhrU2lxcW92ODNNSXc1clZxb1c1Ul9wMFB1YndZU1NvRzRJNW0tZVFZTUVSQzRLVWIzYUVKejJFVVdTWTdVbU8ydTVSdWFQemtTUGNhOTU4U3gwTUMyandqU2ZjSjNDM2dzb2licFhJZUxaNDg?oc=5
2026-07-18,El Porvenir,1.190622,-77.263531,LESIONES,4,21,abranoticias.com,https://news.google.com/rss/articles/CBMimAFBVV95cUxNRERWcEl4bFhUQ2pjaUVRaHZvTGxLVDdoelFSZEF0ekNLZlgxZ2h5VTJMOGx3RkNJTWoxcG9tV0Y5djBEY3JjVjF3M2I3ZU9ialJzSFBKVWgxMVRHN1hkTjBjRkt5d2F1SVIzVU5sY3UyUmxqeXoybGsyRk1Yc2VUNk9BUjdsTVMzYVlHNEhzdVVDNHFxZXhldQ?oc=5
2026-07-27,Morasurco,1.233341,-77.284697,LESIONES,4,21,Caracol Radio,https://news.google.com/rss/articles/CBMisgFBVV95cUxNcXh0SHZnN1gtSEFWOFB4VTJLdnhkcnBGRkc4VGVlblBCamZsUzA2YU9iRXBvWXUyMU9VTW43VFZkMkUzVDJLZEpoSEFLaGZsRktXU3JsNkJiSElTU2cxbEg2Ym9SM0V5djJCZTU2NndOT3U3Y0t3Y1ZjNnpUZXFGYWdxdzJ6SVdNdlV1a21yQ2dKUkt0dkJNV3R2QTYxTjdkN1RoSENnN0tKOVFJbDV6MW1B?oc=5
2026-08-22,Fátima,1.202985,-77.273352,HURTO,3,12,elcontraste.co,https://news.google.com/rss/articles/CBMingFBVV95cUxOWVZzYjFfekljYklxMWpRV1FWZmprV1B1YU1vNGtmT0t4SjN0U1ZVelNVaFo5N1pOY0s3SEFwcE1mOFZzcE9SUDQxOG1EZWpaakRxZUgzTXlNUU5tZG9CMnZJN216T0xURHdMZG5VS2cwN3QybTdwR1pNZm9oRDhITVlGdHNoekt3S0lrV2liTlhKX3FJNmx3VU1UQjZsZw?oc=5
2026-09-02,Atahualpa,1.205418,-77.281766,HURTO,3,21,policia.gov.co,https://news.google.com/rss/articles/CBMizgFBVV95cUxOWkx2ckJSaEJ3eEVwMDk3S2l5d3pSaEFCdVpEQ2xsbXJMTTlLSHFfMkl4UUNoZGhkRExwX2pOVGZJS3NIam9jZkF2cDJicGpPcm0yeFljUmRQb29XMU05M0NkeHkxbDg1allVZERHQ2tERzkzTjVNN3Z4dmpwT0hQSDJyM09VWDJfbkRNUHRtdGRmY1NManJiM0FFMW82WmpDS192elllU0M0WEFjMFJURGhBSTVjTEh5dUpMei0xSkI3eWhuTDBRTU1iSTFyZw?oc=5
2026-09-16,San Albano,1.225777,-77.271592,RINA,2,,Diario del Sur - Noticias de hoy,https://news.google.com/rss/articles/CBMi0gFBVV95cUxOb2VGMVBGbEVRNjllTlppS3hBUEJpRGNqcXFJRHNaWjlleEpuRjVwSEZUa3ppSF9QNUo5WTJ5TjJJVU9RTEI2Q2JRSXQzcWVIYVozTUFrYjlwQ1dpTWlrcEhqbFRFanphM0RvTzk4eG56Y1JGZ3NTdnFMcjE1T1RkZ3pUUnB6TWlwZ1N3ZHJFaUtNUEg0ZjhYX3daVDJnVkZWSDdZbUZEd2Y2N1lzWkFCYlgwZG5kclRKLVRqbWtYUF9Cc0IwWEJvTy15cm1uSWhxNVE?oc=5
2026-09-17,La Lomita,1.217341,-77.270038,HURTO,3,,Diario del Sur - Noticias de hoy,https://news.google.com/rss/articles/CBMipwFBVV95cUxNLXhicmtXcUVXZUxOQk9ZYkVmRnVBY2w3NjFHRlk5amF5NXptVGtYdGV6eHBOX2ZpY0RSSW5EV0RVdTlXZ3FKel9yZXcwbG5LY1ItQ1JzVDRKYTVlNGNEYUdPMG1VSm91YV82V2FFZkRWWkZ1QUwyMlFnQ1ZnZTNzRU5PY3d1eUw0RUc3OGJMMENyV0E2RXEzV21IeUUxSlNueUxtZmM4VQ?oc=5
2026-09-29,San Miguel,1.203703,-77.280406,HURTO,3,21,Diario del Cauca,https://news.google.com/rss/articles/CBMixAFBVV95cUxQdWtYcUFJa3czdnZRRVppcUQ2czEwMXcxTEpET19leThpVGJETWdsajFIR3hpNVdNbEJXb3EyYzF1VnZiOUhodHdmcFFVWU1UNkhuTWV1aFB1MzF6WF9jZ1VEOG55TkZnME1DMURWcUtQTm92bFR5bXRhSkFyaWFfRFdHLWhaX19zd0xxdEhqblRvMlM5cHZualRWOGtmcG8xbnRucnUzQ2g2SmY2bGFTcmRfYkhyYmNhNTZKcUtvOGRMTFZH?oc=5
